{"cameraMode":{"drawMode":0,"name":"Shaded","section":"Shading Mode"},"sceneLighting":true,"audioPlay":false,"sceneViewState":{"showFog":true,"showMaterialUpdate":false,"showSkybox":true,"showFlares":true,"showImageEffects":true,"showParticleSystems":true},"in2DMode":false,"pivot":{"x":-302.8966064453125,"y":325.26287841796877,"z":1246.3084716796875},"rotation":{"x":0.02310594543814659,"y":0.9579417109489441,"z":-0.2744235694408417,"w":0.08065696805715561},"size":881.4260864257813,"orthographic":false}