{"cameraMode":{"drawMode":0,"name":"Shaded","section":"Shading Mode"},"sceneLighting":false,"audioPlay":false,"sceneViewState":{"showFog":true,"showMaterialUpdate":false,"showSkybox":true,"showFlares":true,"showImageEffects":true,"showParticleSystems":true},"in2DMode":false,"pivot":{"x":282.01373291015627,"y":277.5,"z":640.057373046875},"rotation":{"x":0.02310594543814659,"y":0.9579417109489441,"z":-0.2744235694408417,"w":0.08065696805715561},"size":3211.696533203125,"orthographic":false}